id,name,seo_meta_description,source_id,developer_name
969140360237,Absolute Value Equations,"In this explainer, we will learn how to solve equations involving the absolute value.",,Rhodri Jones
972198025105,Measurement Tools,"In this explainer, we will learn how to identify different
    tools for the measurement of fundamental physical quantities.",,Simeon Every
973130769145,Interpreting Graphs of Derivatives,,816154794708,Graham Ely
973145156531,Sum of an Infinite Geometric Sequence,,230191639106,Sarah Garry
974125905106,Geometric Mean,"In this explainer, we will learn how to find geometric means between two nonconsecutive terms of a geometric sequence.",872143063508,Seungly Oh
979165921053,The Equilibrium Constant for Concentration,"In this explainer, we will learn how to construct and calculate the equilibrium constant for concentration.",187172546121,Harry Shuttleworth
980162532502,Empirical and Molecular Formulas,"In this explainer, we will learn how to define, determine, 
    and convert between a compound’s empirical and molecular formulas.",706193561646,Fallon Simpson
985161036067,Probability of Simple Events,"In this explainer, we will learn how to find the probability of a simple event.",853160946083,Anita Piatek
985195836913,𝑛th Roots: Integers,"In this explainer, we will learn how to work out 
    𝑛th roots of integers, where 𝑛 is a positive integer greater than or 
    equal to 2.",853160946083,
989130863985,Velocity–Time Graphs,"In this explainer, we will learn how to calculate the displacement or acceleration of a particle moving 
    in a straight line from its velocity–time graph.",585152746587,
