question_id,media_identifier,question_title,start_time,end_time
724198105635,358107276187,"Determining the Probability of Compound Events Involving
                Spinners",00:03:46.370,00:03:53.970
,792149261438,"Finding the Probability of Independent Events Occuring
                Together",00:07:42.180,00:07:50.750
712102842807,460156024398,"Finding the Probability of Selection without
                Replacement",00:08:57.710,00:09:05.510
476105108043,274189803101,"Finding the Probability of the Intersection of Independent Events in a
                Real Context",00:11:28.080,00:11:31.820
